<?xml version="1.0" encoding="UTF-8"?>
<GenRun Id="impl_1" LaunchPart="xc7a35tcpg236-1" LaunchTime="1678904730">
  <File Type="ROUTE-PWR" Name="RCA_4_power_routed.rpt"/>
  <File Type="PA-TCL" Name="RCA_4.tcl"/>
  <File Type="PWROPT-DCP" Name="RCA_4_pwropt.dcp"/>
  <File Type="ROUTE-PWR-SUM" Name="RCA_4_power_summary_routed.pb"/>
  <File Type="REPORTS-TCL" Name="RCA_4_reports.tcl"/>
  <File Type="BG-DRC" Name="RCA_4.drc"/>
  <File Type="OPT-HWDEF" Name="RCA_4.hwdef"/>
  <File Type="OPT-DCP" Name="RCA_4_opt.dcp"/>
  <File Type="OPT-DRC" Name="RCA_4_drc_opted.rpt"/>
  <File Type="PLACE-DCP" Name="RCA_4_placed.dcp"/>
  <File Type="PLACE-IO" Name="RCA_4_io_placed.rpt"/>
  <File Type="PLACE-UTIL" Name="RCA_4_utilization_placed.rpt"/>
  <File Type="PLACE-UTIL-PB" Name="RCA_4_utilization_placed.pb"/>
  <File Type="PLACE-CTRL" Name="RCA_4_control_sets_placed.rpt"/>
  <File Type="PLACE-PRE-SIMILARITY" Name="RCA_4_incremental_reuse_pre_placed.rpt"/>
  <File Type="POSTPLACE-PWROPT-DCP" Name="RCA_4_postplace_pwropt.dcp"/>
  <File Type="PHYSOPT-DCP" Name="RCA_4_physopt.dcp"/>
  <File Type="BG-BIT" Name="RCA_4.bit"/>
  <File Type="ROUTE-ERROR-DCP" Name="RCA_4_routed_error.dcp"/>
  <File Type="ROUTE-DCP" Name="RCA_4_routed.dcp"/>
  <File Type="ROUTE-BLACKBOX-DCP" Name="RCA_4_routed_bb.dcp"/>
  <File Type="ROUTE-DRC" Name="RCA_4_drc_routed.rpt"/>
  <File Type="ROUTE-DRC-PB" Name="RCA_4_drc_routed.pb"/>
  <File Type="ROUTE-DRC-RPX" Name="RCA_4_drc_routed.rpx"/>
  <File Type="BITSTR-MSK" Name="RCA_4.msk"/>
  <File Type="ROUTE-METHODOLOGY-DRC" Name="RCA_4_methodology_drc_routed.rpt"/>
  <File Type="BG-BGN" Name="RCA_4.bgn"/>
  <File Type="ROUTE-METHODOLOGY-DRC-RPX" Name="RCA_4_methodology_drc_routed.rpx"/>
  <File Type="BITSTR-RBT" Name="RCA_4.rbt"/>
  <File Type="ROUTE-METHODOLOGY-DRC-PB" Name="RCA_4_methodology_drc_routed.pb"/>
  <File Type="BG-BIN" Name="RCA_4.bin"/>
  <File Type="ROUTE-PWR-RPX" Name="RCA_4_power_routed.rpx"/>
  <File Type="ROUTE-STATUS" Name="RCA_4_route_status.rpt"/>
  <File Type="ROUTE-STATUS-PB" Name="RCA_4_route_status.pb"/>
  <File Type="ROUTE-TIMINGSUMMARY" Name="RCA_4_timing_summary_routed.rpt"/>
  <File Type="ROUTE-TIMING-PB" Name="RCA_4_timing_summary_routed.pb"/>
  <File Type="ROUTE-TIMING-RPX" Name="RCA_4_timing_summary_routed.rpx"/>
  <File Type="ROUTE-CLK" Name="RCA_4_clock_utilization_routed.rpt"/>
  <File Type="RDI-RDI" Name="RCA_4.vdi"/>
  <File Type="POSTROUTE-PHYSOPT-DCP" Name="RCA_4_postroute_physopt.dcp"/>
  <File Type="POSTROUTE-PHYSOPT-BLACKBOX-DCP" Name="RCA_4_postroute_physopt_bb.dcp"/>
  <File Type="BITSTR-NKY" Name="RCA_4.nky"/>
  <File Type="BITSTR-BMM" Name="RCA_4_bd.bmm"/>
  <File Type="BITSTR-MMI" Name="RCA_4.mmi"/>
  <File Type="BITSTR-LTX" Name="RCA_4.ltx"/>
  <File Type="BITSTR-SYSDEF" Name="RCA_4.sysdef"/>
  <File Type="WBT-USG" Name="usage_statistics_webtalk.html"/>
  <FileSet Name="sources" Type="DesignSrcs" RelSrcDir="$PSRCDIR/sources_1">
    <Filter Type="Srcs"/>
    <File Path="$PSRCDIR/sources_1/new/FA.vhd">
      <FileInfo>
        <Attr Name="UsedIn" Val="synthesis"/>
        <Attr Name="UsedIn" Val="simulation"/>
      </FileInfo>
    </File>
    <File Path="$PSRCDIR/sources_1/new/HA.vhd">
      <FileInfo>
        <Attr Name="UsedIn" Val="synthesis"/>
        <Attr Name="UsedIn" Val="simulation"/>
      </FileInfo>
    </File>
    <File Path="$PSRCDIR/sources_1/new/RCA_4.vhd">
      <FileInfo>
        <Attr Name="UsedIn" Val="synthesis"/>
        <Attr Name="UsedIn" Val="simulation"/>
      </FileInfo>
    </File>
    <File Path="$PSRCDIR/component.xml">
      <FileInfo SFType="IPXACT"/>
    </File>
    <Config>
      <Option Name="DesignMode" Val="RTL"/>
      <Option Name="TopModule" Val="RCA_4"/>
    </Config>
  </FileSet>
  <FileSet Name="constrs_in" Type="Constrs" RelSrcDir="$PSRCDIR/constrs_1">
    <Filter Type="Constrs"/>
    <File Path="$PSRCDIR/constrs_1/new/Basys3Labs.xdc">
      <FileInfo>
        <Attr Name="UsedIn" Val="synthesis"/>
        <Attr Name="UsedIn" Val="implementation"/>
      </FileInfo>
    </File>
    <File Path="$PSRCDIR/constrs_1/new/Basys3Labs2.xdc">
      <FileInfo>
        <Attr Name="UsedIn" Val="synthesis"/>
        <Attr Name="UsedIn" Val="implementation"/>
      </FileInfo>
    </File>
    <Config>
      <Option Name="ConstrsType" Val="XDC"/>
    </Config>
  </FileSet>
  <Strategy Version="1" Minor="2">
    <StratHandle Name="Vivado Implementation Defaults" Flow="Vivado Implementation 2018"/>
    <Step Id="init_design"/>
    <Step Id="opt_design"/>
    <Step Id="power_opt_design"/>
    <Step Id="place_design"/>
    <Step Id="post_place_power_opt_design"/>
    <Step Id="phys_opt_design"/>
    <Step Id="route_design"/>
    <Step Id="post_route_phys_opt_design"/>
    <Step Id="write_bitstream"/>
  </Strategy>
</GenRun>
