<?xml version="1.0" encoding="UTF-8" ?>
<webTalkData  fileName='usage_statistics_ext_xsim.xml'  majorVersion='1' minorVersion='0' timeStamp='Sat Jun 10 22:05:15 2023'>
<section name="__ROOT__" level="0" order="1" description="">
 <section name="software_version_and_target_device" level="1" order="1" description="">
  <keyValuePair key="beta" value="FALSE" description="" />
  <keyValuePair key="build_version" value="2188600" description="" />
  <keyValuePair key="date_generated" value="Sat Jun 10 22:05:15 2023" description="" />
  <keyValuePair key="os_platform" value="WIN64" description="" />
  <keyValuePair key="product_version" value="XSIM v2018.1 (64-bit)" description="" />
  <keyValuePair key="project_id" value="faf4353663aa423482bbbf269c77dd24" description="" />
  <keyValuePair key="project_iteration" value="25" description="" />
  <keyValuePair key="random_id" value="b0b08ca6-9137-4bb9-a240-27c30123b7ac" description="" />
  <keyValuePair key="registration_id" value="b0b08ca6-9137-4bb9-a240-27c30123b7ac" description="" />
  <keyValuePair key="route_design" value="FALSE" description="" />
  <keyValuePair key="target_device" value="not_applicable" description="" />
  <keyValuePair key="target_family" value="not_applicable" description="" />
  <keyValuePair key="target_package" value="not_applicable" description="" />
  <keyValuePair key="target_speed" value="not_applicable" description="" />
  <keyValuePair key="tool_flow" value="xsim_vivado" description="" />
 </section>
 <section name="user_environment" level="1" order="2" description="">
  <keyValuePair key="cpu_name" value="11th Gen Intel(R) Core(TM) i3-1115G4 @ 3.00GHz" description="" />
  <keyValuePair key="cpu_speed" value="2995 MHz" description="" />
  <keyValuePair key="os_name" value="Microsoft Windows 8 or later , 64-bit" description="" />
  <keyValuePair key="os_release" value="major release  (build 9200)" description="" />
  <keyValuePair key="system_ram" value="3.000 GB" description="" />
  <keyValuePair key="total_processors" value="1" description="" />
 </section>
 <section name="vivado_usage" level="1" order="3" description="">
 </section>
 <section name="xsim" level="1" order="4" description="">
  <section name="command_line_options" level="2" order="1" description="">
   <keyValuePair key="command" value="xsim" description="" />
  </section>
  <section name="usage" level="2" order="2" description="">
   <keyValuePair key="iteration" value="0" description="" />
   <keyValuePair key="runtime" value="1 us" description="" />
   <keyValuePair key="simulation_memory" value="6312_KB" description="" />
   <keyValuePair key="simulation_time" value="0.05_sec" description="" />
  </section>
 </section>
</section>
</webTalkData>
